Rank,bookTitle,Contents
1,역행자,"<역행자> 오타쿠 흙수저에서 월 1억 자동수익을 실현한 무자본 연쇄창업마,
라이프해커 자청의 인생 역주행 공식 대공개!
“절대 읽지 마라!
죽을 때까지 순리자로 살고 싶다면!”

운명과 본능의 지배에서 벗어나
경제적 자유와 행복한 인생을 쟁취하는 라이프해킹의 비밀

95퍼센트의 인간은 타고난 유전자와 본성의 꼭두각시로 살아간다. 그래서 평생 평범함을 벗어나지 못하고 불행하게 산다. 본성에 따라 결정된 인생을 사는 자, 이들은 ‘순리자’다. 그러나 5퍼센트의 인간은 다르다. 그들은 타고난 유전자와 본성을 역행해 경제적 자유와 행복을 쟁취한다. 이들이 바로 ‘역행자’다.
어느 날 혜성처럼 나타나 자수성가의 아이콘이 된 청년, 자기계발 유튜버 자청이 깨달은 인생의 치트기를 탈탈 털어 넣은 그의 첫 책 《역행자》가 5월 30일, 드디어 출간된다. 수많은 ‘자청 챌린저’들이 기다려온 책이자, 독자들의 인생을 송두리째 바꿔줄 문제작이다. ‘연봉 10억 무자본 창업가’로 유명해진 그는 2020년, 단 20개의 영상으로 10만 구독자를 넘어서며 화제를 모았으나 곧장 미련 없이 유튜브를 그만뒀다. 이후 본업인 온라인 마케팅 비즈니스를 비롯해 다방면으로 사업을 확장하고 있다.
이 책에는 가난한 인생에서 벗어나 경제적 자유와 행복을 얻은 저자 자청이 깨달은 인생 레벨업 치트키가 빼곡히 담겨 있다. 10대 때의 그는 외모, 돈, 공부, 그 어떤 것에서도 최하위였다. 그러던 스무 살 무렵, ‘인생에도 게임처럼 공략집이 있다’는 사실을 깨닫고 삶이 180도 바뀌기 시작했다. 200여 권의 책을 독파하며 얻은 인생의 치트키들을 활용해 창업에 성공했다.

‘부자는 다른 세상 사람들이야. 우리 집 꼴을 봐’, ‘인서울 대학에 가는 건 천재들이나 하는 거야’, ‘내가 월 300 이상 버는 날은 영원히 없겠지’… 인생의 밑바닥에서 힘든 친구들은 비슷한 심정일 거라 생각한다. 하지만 지금 내 정체성은 완전히 다르다. 나는 평생에 걸쳐 정체성을 인위적으로 바꿔왔기 때문이다.
20대에 책을 읽게 된 게 그 시작이었고, 그 뒤로도 끊임없이 내 머릿속 소프트웨어를 새로 깔고 있다. 이렇게 정체성을 먼저 바꾸면 변화가 쉽게 만들어진다. 반면 정체성을 바꿀 수 있는 기회를 놓치면 계속 순리자로 살게 된다. 나는 책이라는 형태로 다가온 행운을 꼭 잡고 놓지 않았다. 그 책들은 패배주의에 사로잡힌 내 머릿속에 새로운 소프트웨어를 깔아주는 설치 가이드였다. 그때 내 발밑에 깔린 철로를 보게 되었고, 절망으로 가는 전철에서 내릴 수 있었다. 그리고 나만의 내비게이션을 달고 인생의 지름길을, 부의 추월차선을 찾아 나섰다. 모두가 머릿속에 새 소프트웨어를 깐 덕분이었다! _ 본문 중에서

그가 하는 대부분의 비즈니스 모델은 ‘초보가 되어, 왕초보를 가르치는 것’이다. 어느 분야든 저렴한 가격에 도움을 받고 싶은 왕초보의 수요는 분명히 존재한다. 이때 도와주는 사람은 초보여도 상관없다는 점에 착안해 여러 컨설팅 비즈니스를 설계했다. 그는 무료 홈페이지 제작 플랫폼을 통해 하루 만에 홈페이지를 제작하고, 네이버 블로그 등 SNS 채널을 통해 무료로 마케팅을 했다. 투자비용 자체가 들어가지 않는 ‘무자본 창업’ 형태였다. ‘라이프해커 자청’이라는 캐릭터와 ‘무자본 창업’이라는 개념은 사람들의 고정관념을 깨는 시그널이 됐다.
자청이 찾아낸 ‘역행자의 7단계 모델’을 통해, 부와 행복을 갈망하는 독자들은 저자가 겪은 10년 동안의 시행착오를 단 3년으로 줄일 수 있다. 못 믿겠는가? 불안과 의심을 버리고, 저자와 함께 ‘인생의 추월차선’을 타러 가보자."
2,작별인사,"<작별인사> 누구도 도와줄 수 없는 상황, 혼자 헤쳐나가야 한다
지켜야 할 약속, 붙잡고 싶은 온기
김영하가 『살인자의 기억법』 이후 9 년 만에 내놓는 장편소설 『작별인사』는 그리 멀지 않은 미래를 배경으로, 별안간 삶이 송두리째 뒤흔들린 한 소년의 여정을 좇는다. 유명한 IT 기업의 연구원인 아버지와 쾌적하고 평화롭게 살아가던 철이는 어느날 갑자기 수용소로 끌려가 난생처음 날것의 감정으로 가득한 혼돈의 세계에 맞닥뜨리게 되면서 정신적, 신체적 위기에 직면한다. 동시에 자신처럼 사회에서 배제된 자들을 만나 처음으로 생생한 소속감을 느끼고 따뜻한 우정도 싹틔운다. 철이는 그들과 함께 수용소를 탈출하여 집으로 돌아가기 위해 길을 떠나지만 그 여정에는 피할 수 없는 질문이 기다리고 있다.

세계보건기구 WHO가 팬데믹을 선언한 지 2년이 지나서야 작가는 『작별인사』의 개작을 마쳤다. 420매 분량이던 원고는 약 800매로 늘었고, 주제도 완전히 달라졌다. ‘인간을 인간으로 만드는 것은 무엇인가?’, ‘인간과 인간이 아닌 존재들을 가르는 경계는 어디인가’를 묻던 소설은 ‘삶이란 과연 계속될 가치가 있는 것인가?’, ‘세상에 만연한 고통을 어떻게 하면 줄일 수 있을 것인가’, ‘어쩔 수 없이 태어났다면 어떻게 살고 어떻게 죽어야 할 것인가’와 같은 질문을 던지는 이야기로 바뀌었다. 팬데믹이 개작에 영향을 주었을 수도 있고, 원래 『작별인사』의 구상에 담긴 어떤 맹아가 오랜 개작을 거치며 발아했는지도 모른다. 그것에 대해 작가는 이렇게 말하고 있다.

마치 제목이 어떤 마력이 있어서 나로 하여금 자기에게 어울리는 이야기로 다시 쓰도록 한 것 같은 느낌이다. 탈고를 하고 얼마 지나지 않아 원고를 다시 읽어보았다. 이제야 비로소 애초에 내가 쓰려고 했던 어떤 것이 제대로, 남김 없이 다 흘러나왔다는 생각이 들었다. _’작가의 말’에서

전면적인 수정을 통해 2022년의 『작별인사』는 2020년의 『작별인사』를 마치 시놉시스나 초고처럼 보이게 할 정도로 확연하게 달라졌다. 그리고 김영하의 이전 문학 세계와의 연결점들이 분명해졌다."
3,인플레이션에서 살아남기,"<인플레이션에서 살아남기> 

40년 만에 찾아온 인플레의 역습, 
당신의 자산이 무너지기 시작했다!

__200만 「삼프로TV」 김동환 강력 추천
__누적 조회 수 3000만 회, 독자가 선택한 경제 필독서
__글로벌 경제, Fed 전문가 ‘갓건영’의 미래 투자 전략

200만 구독자의 열렬한 사랑을 받는 「삼프로TV」는 경제 분야 1위 유튜브 채널이다. 내로라하는 TOP급 전문가들이 출연해 국내외 시황 등의 정보를 나누는데, 요즘처럼 금리가 뛰어오르고 환율이 고공행진 하는 등 혼란스러운 시장이 펼쳐질 때 독자들이 한마음 한뜻으로 찾는 사람이 있다. 바로 신한은행 WM그룹의 부부장, 오건영 저자다. 
‘글로벌 경제 1타 강사’로 불리는 오건영 저자의 또 다른 애칭은 ‘대한민국 최고의 Fed(연준) 전문가’다. 글로벌 시장의 폭주를 막아줄 유일한 파수꾼이 Fed이므로, 이들의 행보가 곧 문제를 해결해줄 실마리가 될 것이다. 오건영 저자의 해설을 들으며 그들의 과거 행적을 되짚어보면 경제는 앞으로 어떤 움직임을 보일지, 그런 환경에서 우리가 취해야 할 안전한 투자법은 무엇일지 저절로 감이 올 것이다. 
이 책의 하이라이트는 단연 2022년 최신 버전의 ‘부의 시나리오’다. 경제 현상을 4가지 상황으로 나누고, 현재 우리는 어디에 위치하는지 살펴보는 것은 물론, 앞으로는 어떤 방향으로 흘러갈지 예측해보고, 이것을 나의 투자 포트폴리오에 연계하는 법을 알아본다. 2021년의 투자 환경과는 무엇이 달라졌는지 짚어보고, 현재를 기점으로 가장 유력한 2가지 미래 시나리오도 제시한다. 달라진 미국 Fed의 태도, 새롭게 터지는 러시아-우크라이나 전쟁의 갈등 심화 등 전혀 예상할 수 없었던 요소들은 어떤 시각으로 바라봐야 하는지, 그 팁도 가져갈 수 있다."
4,변화하는 세계 질서,"<변화하는 세계 질서> 

《원칙 Principles: Life & Work》으로 전 세계의 사랑은 물론, 국내 독자들의 사랑을 한 몸에 받았던 레이 달리오가 새로운 책으로 돌아왔다. 《원칙》이 그의 인생과 회사 경영에 대한 원칙을 밝힌 책이라면, 이번 책에서는 지난 500년간 주요 국가들의 경제적, 정치적, 역사적 패턴을 파악해 전 세계가 앞으로 어떻게 달라질지를 밝히고, 우리가 어떻게 대응해야 할지를 알려준다.

그의 새로운 책《변화하는 세계 질서》는 끊임없이 변화하는 세계 질서에 대처하기 위한 레이 달리오만의 원칙들을 담았다. 최근 올라온 《변화하는 세계 질서》를 요약한 유튜브 영상은 조회수 1,219만 회를 넘기며 많은 독자들의 관심을 증명했다."
5,피스타운,"<피스타운> -“여긴 너무 비현실적이야, 그렇지 않아?”
-뭐든지 이룰 수 있는 천국과 같은 공간, 그 뒤에 가려진 진실
-아름다운 이름 뒤에 숨겨진 거대한 재난이 밝혀진다!

 뒤로는 숲, 앞으로는 절벽과 바다로 둘러싸인 한적한 바닷가의 마을인 ‘피스타운’. 세상과 완전히 고립된 듯한 이곳에서, ‘수연’은 편안하지만 무료한 삶을 이어가고 있다. 가족과 애인의 방문을 기다리며 지내는 수연에게, 타운의 입주민 중 한 사람이 타운은 너무 이상하다며 의문을 제기한다. 그리고 얼마 지나지 않아, 기이한 상황과 생각들이 수연을 잠식한다. 안락하고 안전한 ‘피스타운’의 진실은 과연 무엇일까?"
6,악마의 계약서는 만기 되지 않는다,"<악마의 계약서는 만기 되지 않는다> 

제1회 K-스토리 공모전 대상 수상작! 
350:1의 경쟁률을 뚫고 선정된 단 하나의 작품

곧 허물어져도 이상할 것 없는 주택, 세입자는 단 두 명. 어느 날, 집주인인 할머니는 악마에게 전세 임대차계약을 맺고, 그날부터 방은 온갖 지옥의 형태로 나타난다. 서주는 지옥의 관리자라 칭하는 악마와 만나게 된다. 이런 상황이 놀랍기만 한 서주와는 달리 악마는 서주에게 조금씩 호감을 표현하고, 하루하루를 버티듯 살아가는 서주는 모든 상황이 혼란스럽기만 하다. 
그러던 중, 집 주변을 서성이는 의문의 그림자, 서주의 아르바이트 가게에 들이닥친 남자, 어느 날 집안에 들어온 의문의 사람들 그리고 갑작스럽게 일어난 할머니의 이상 증세. 과연 서주는 이 상황들을 어떻게 헤쳐나갈 것인가. 그리고 악마와의 동거는 언제까지 계속될 것인가. 
《악마의 계약서는 만기 되지 않는다》는 악마에게 집을 세놓는다는 독특한 설정을 기반으로 ‘그 집’을 둘러싸고 벌어지는 사건과 사람들의 이야기를 담은 악마와 인간의 미스터리 로맨스 판타지다. 지옥이라는 주제와 상반된 밝은 글의 분위기, 지루할 틈 없는 전개와 작가만의 유쾌한 문체 덕에 순식간에 마지막 장을 덮게 될 것이다.

이 작품은 《달러구트 꿈 백화점》과 같이 재능 있는 작가들의 작품이 세계로 뻗어 나가기를 응원하며 쌤앤파커스와 리디북스가 공동으로 주최한 “제1회 K-스토리 공모전”의 대상 수상작이다. 350대 1의 경쟁률을 뚫고 선정된 《악마의 계약서는 만기 되지 않는다》는 장면 장면이 머릿속에 그려질 만큼 캐릭터가 개성 있고 생활감 넘치는 생생한 표현이 매력적인 작품으로 바로 영상로 진행되어도 손색이 없을 만큼 완성도 높은 작품이다. 잘 구성된 캐릭터 간의 케미와 독자의 예측을 1도씩 빗겨나가는 전개가 몰입도를 높이며, 마지막까지 독자들에게 즐거움을 선사한다는 심사평과 함께 100여 명의 독자 심사위원 및 내외부 심사위원들에게 높은 점수를 받으며 만장일치로 대상으로 선정됐다."
7,불편한 편의점,"<불편한 편의점> 불편한데 자꾸 가고 싶은 편의점이 있다! 
힘들게 살아낸 오늘을 위로하는 편의점의 밤
정체불명의 알바로부터 시작된 웃음과 감동의 나비효과
『망원동 브라더스』 김호연의 ‘동네 이야기’ 시즌 2

원 플러스 원의 기쁨, 삼각김밥 모양의 슬픔, 만 원에 네 번의 폭소가 터지는 곳!
힘겨운 시대를 살아가는 우리들에게 다가온 조금 특별한 편의점 이야기 

2013년 세계문학상 우수상 수상작 『망원동 브라더스』로 데뷔한 후 일상적 현실을 위트 있게 그린 경쾌한 작품과 인간의 내밀한 욕망을 기발한 상상력으로 풀어낸 스릴러 장르를 오가며 독자적인 작품 세계를 쌓아올린 작가 김호연. 그의 다섯 번째 장편소설 『불편한 편의점』이 나무옆의자에서 출간되었다. 『불편한 편의점』은 청파동 골목 모퉁이에 자리 잡은 작은 편의점을 무대로 힘겨운 시대를 살아가는 우리 이웃들의 삶의 속내와 희로애락을 따뜻하고 유머러스하게 담아낸 작품이다. 『망원동 브라더스』에서 망원동이라는 공간의 체험적 지리지를 잘 활용해 유쾌한 재미와 공감을 이끌어냈듯 이번에는 서울의 오래된 동네 청파동에 대한 공감각을 생생하게 포착해 또 하나의 흥미진진한 ‘동네 이야기’를 탄생시켰다. 
서울역에서 노숙인 생활을 하던 독고라는 남자가 어느 날 70대 여성의 지갑을 찾아준 인연으로 그녀가 운영하는 편의점에서 야간 알바를 하면서 이야기가 시작된다. 덩치가 곰 같은 이 사내는 알코올성 치매로 과거를 기억하지 못하는 데다 말도 어눌하고 행동도 굼떠 과연 손님을 제대로 상대할 수 있을까 의구심을 갖게 하는데 웬걸, 의외로 그는 일을 꽤 잘해낼 뿐 아니라 주변 사람들을 묘하게 사로잡으면서 편의점의 밤을 지키는 든든한 일꾼이 되어간다. 
현실감 넘치는 캐릭터와 그들 간의 상호작용을 점입가경으로 형상화하는 데 일가견이 있는 작가의 작품답게 이 소설에서도 독특한 개성과 사연을 지닌 인물들이 차례로 등장해 서로 티격태격하며 별난 관계를 형성해간다. 고등학교에서 역사를 가르치다 정년퇴임하여 매사에 교사 본능이 발동하는 편의점 사장 염 여사를 필두로 20대 취준생 알바 시현, 50대 생계형 알바 오 여사, 매일 밤 야외 테이블에서 참참참(참깨라면, 참치김밥, 참이슬) 세트로 혼술을 하며 하루의 스트레스를 푸는 회사원 경만, 마지막이라는 각오로 청파동에 글을 쓰러 들어온 30대 희곡작가 인경, 호시탐탐 편의점을 팔아치울 기회를 엿보는 염 여사의 아들 민식, 민식의 의뢰를 받아 독고의 뒤를 캐는 사설탐정 곽이 그들이다. 제각기 녹록지 않은 인생의 무게와 현실적 문제를 안고 있는 이들은 각자의 시선으로 독고를 관찰하는데, 그 과정에서 발생하는 오해와 대립, 충돌과 반전, 이해와 공감은 자주 폭소를 자아내고 어느 순간 울컥 눈시울이 붉어지게 한다. 그렇게 골목길의 작은 편의점은 불편하기 짝이 없는 곳이었다가 고단한 삶을 위로하고 웃음을 나누는 특별한 공간이 된다."
8,내가 틀릴 수도 있습니다,"<내가 틀릴 수도 있습니다> 

스웨덴 베스트셀러 1위
출간 즉시 25개국 수출
스웨덴 30만 부 판매
달라이라마, 도종환 추천사

때 이른 성공을 버리고 떠난 17년간의 숲속 수행,
그리고 삶과 죽음의 경계에서 깨달은 것들
“불안의 폭풍우 속에 있는 당신을 구원할 책.”

2022년 1월, 한 사람이 세상을 떠났다. ‘망설임도, 두려움도 없이 떠납니다’라는 한마디를 남기고. 그러자 스웨덴 전역에 거대한 애도의 물결이 일었다. 비욘 나티코 린데블라드. 수많은 스웨덴인들을 불안에서 끌어내어 평화와 고요로 이끌었던 그는 2018년 루게릭병에 진단받은 후에도 유쾌하고 따뜻한 지혜를 전하며 살아갔다. 『내가 틀릴 수도 있습니다』는 20대에 눈부신 사회적 성공을 거뒀지만 모든 것을 버리고 숲속으로 17년간 수행을 떠났던 저자의 여정과 깨달음, 그리고 마지막을 담은 책으로 수많은 독자들의 삶에 감동과 용기를 전해주었다."
9,최재천의 공부,"<최재천의 공부> 시인의 마음으로 생태계를 탐구해온 최재천 교수
삶을 위한 공부를 말하다

『최재천의 공부』는 동물과 인간을 깊이 관찰해온 최재천 교수가 10여 년 전부터 꼭 쓰고 싶었던 책으로, 지금 이 시대에 꼭 필요한 공부에 관한 생각을 총망라한다. 인생 전반에 걸쳐 공부가 왜 중요하고 우리에게 어떤 영향을 미치는지 살펴보고, 그동안 제대로 논의된 적 없는 대한민국 교육의 현실을 톺아보고 미래상을 그려보며 청사진을 제시한다. 하버드대학교 시절 몸소 체득한 경험, 서울대학교에서 이화여자대학교 교수 시절까지 있었던 강의, 자연과학과 인문학을 넘나드는 통섭적 시야 등이 이 책의 바탕이 되었다.

수많은 청소년과 부모, 청년과 중년, 정부와 기업이 자연과학계의 대가인 최재천 교수에게 물었다. “어떻게 좋아하는 일을 찾을 수 있나요?” “많은 일을 하면서 느긋하게 사는 비결이 있나요?” “아이를 잘 키우는 묘책이 있나요?” “전 지구적 재난 앞에서 우리는 어떻게 살아야 할까요?” “어떤 인재를 뽑고 길러야 할까요?” 인생의 길, 교육의 길, 정책의 길, 경영의 길, 각자가 찾고자 하는 길의 갈래는 다양하지만 한 가지 공통점이 있었다. 사는 길을 찾고 싶어서 배우고 싶다는 것.

“벽돌을 쌓듯 빈틈없이 공부하지 않아도 됩니다” “1분 1초를 다투지 않고 마감 1주일에 앞서 해치웁니다” “독서는 취미가 아니라 일이어야 합니다” “스승은 제자의 발을 밟지 말아야 합니다” “동물스러운 교육을 합시다” “아이들에게 삶을 돌려줍시다” “토론으로 무엇이 옳은가를 찾아갑시다” “마음 가는 대로 해도 됩니다!” 이번 책에서 최재천 교수는 우리가 궁금했던 질문들에 때로는 부드러운 목소리로, 때로는 단단한 직설화법으로 말을 건다. 생각의 창을 열어주고 배움의 방향을 넓혀주는 지도를 펼쳐보인다."
10,개정판 | 하얀 늑대들,"<개정판 | 하얀 늑대들> 

오랜 기간 사랑 받아온 한국의 대표적인 판타지 소설
윤현승 작가의 대표작 <하얀 늑대들> 최신 개정판!

전쟁터에서 패잔병이 된 농부 카셀은 우연히 아란티아의 보검을 주워, 
그 주인인 하얀 늑대들을 찾아 모험을 떠난다.  
하지만 막상 만난 하얀 늑대들은 거꾸로 카셀에게 캡틴을 하라고 떠넘기는데…….

농부에서 패잔병으로, 패잔병에서 캡틴으로, 
살아남기 위한 거짓말에서 친구들을 지키려는 희생으로, 
지금 카셀의 싸움이 시작된다!"
11,잠시 동안 빛은 이곳에,"<잠시 동안 빛은 이곳에> 연애세포 따위 멸종된 지 오래,
오로지 레벨업과 아이템 수집만이 살길,  
그런 내가 갑자기 ‘결혼 당했다’?!

예측불가한 우리 관계
비즈니스일까 사랑일까

로판의 클리셰를 모두 깨버리는
로판에 마음을 빼앗기다


크로는 유독 파란색에 집착하는 길드원 루키가 자꾸만 눈에 밟힌다. 파란색이 예쁘잖아요. 레벨에 맞지 않는 파란색 저급 아이템만 모아서 사용하는 루키의 반응은 늘 똑같다. 크로는 그런 루키가 신경 쓰여 이것저것 챙기고 도와준다. 그럴 때마다 이모티콘 붙여 가며 감사를 표하는 루키의 모습이 귀엽기도 하다. 어느 날 영롱하고 새파란 빛을 뿜어내는 희귀템 ‘축복의 마음’이 출시되는데, 문제는 유저끼리 ‘결혼’해야만 그걸 얻을 수 있다. ‘축복의 마음’이 뽐내는 파란빛에 흥분한 루키가 크로에게 제안한다. …저와 결혼해 주시겠어요? 크로는 당황스럽다. 아이템 때문에 다짜고짜 청혼이라니, 정말 생각이 있는 걸까? 근데 나는 왜 이렇게 목이 타지? 그때부터 크로와 루키의 예측불가 결혼생활이 시작된다."
12,심해어,"<심해어> <심해어> / 양원영

-믿을 수 없는 ‘그날’의 진실, 이 마을엔 무언가 이상한 게 있다!
-언니, 아저씨 머리가 여전히 그걸로 보여? 생선 대가리 말야
-이 모든 이야기가 진짜라면, 믿어지세요?

조용한 어촌마을에서 벌어진 의문의 사건. 사라진 한 여성과 그의 남편에 대한 사건을 해결하기 위해 조사를 시작한 형사는, 여성의 동생으로부터 이상한 말을 듣는다. 사건의 배후는 마을을 지키는 ‘터주신’ 때문이라고 설명하는 동생. 지금부터 하는 이야기를 믿을지 믿지 않을지는 판단에 맡긴다는 그녀는, 조심스럽게 사건의 진상을 털어놓는다. 숨겨져 있던 ‘그날’의 일이 차츰 드러나고, 곧 마을 전체를 뒤덮고 있던 묘하고 기이하고 도무지 믿을 수 없는 이야기 또한, 알려지게 되는데."
13,"사이후이, 싸이파이","<사이후이, 싸이파이> 천재 지략가 제갈공명의 마지막 밤,
그날 그에겐 무슨 일이 있었나?

역사에 기록되지 않은 공명의 최후를
색다르게 그려 낸 기상천외한 상상력!

공명의 특급 비책이 밝혀지는 순간
삼국지의 역사는 다시 기록된다!


건흥 12년(234) 가을 오장원. 선주 유비의 유지를 이어받은 제갈공명은 4차 북벌을 위해 오장원에 진을 친다. 위군에는 필생의 라이벌 사마의가 버티고 있다. 호로곡의 화공으로 승리가 눈앞에 왔다고 여겼는데 하늘이 무심하게도 소나기가 내리친다. 일은 사람이 꾸미지만 이루는 건 하늘이라 했던가. 공명은 자신의 마지막을 직감하고 최후의 철군을 준비한다. 그때까진 아무도 알지 못했다, 공명에겐 세상을 뒤엎을 비책이 있다는 것을. ‘죽은 공명이 산 중달을 도망치게 한다.’ 이 말은 이제 새로 쓰여야 한다."
14,친밀한 이방인,"<친밀한 이방인> 미끄러지듯 매혹되는 이야기의 끝,
지금까지 쌓아올린 모든 것이 무너진다

삶에 대한 긍정의 자세와 깊이 있는 시선으로 인생의 비의를 길어올리는 소설가 정한아의 세번째 장편소설 『친밀한 이방인』이 출간되었다. 『달의 바다』(2007), 『리틀 시카고』(2012) 이후 5년 만에 펴내는 장편으로, 오랜만에 한국문단에 강력한 반전을 선사하는 반가운 작품이기도 하다.
한 소설가가 자신의 소설을 훔친 비밀스러운 인물의 행적을 추적해나가는 이 유려한 미스터리는 때로는 더 나은 삶의 조건을 쟁취하기 위해, 때로는 목숨을 부지하기 위해 거침없이 삶을 뒤엎는 한 인물의 일생을 여러 사람의 목소리를 겹쳐가며 복원해낸다. 그렇게 내달려온 이야기의 끝, 지금까지 촘촘하게 쌓아온 서사를 단숨에 무너뜨리는 반전은 강렬한 전율에 목말라 있던 우리를 가을밤의 싸늘한 한기 속으로 끌어다놓는다.

이름, 학력, 직업, 성별…… 모든 것이 거짓이었던 한 사람
허상을 겹치고 덧발라 만들어낸 수십 개의 가면 뒤에서
서서히 드러나는 진실의 민낯!

칠 년 동안이나 소설을 쓰지 못한 소설가 ‘나’는 어느 날 신문에서 흥미로운 광고를 발견한다. ‘이 책을 쓴 사람을 찾습니다’라는 문구와 함께 신문 전면에 어떤 소설의 일부가 실려 있다. 아무 생각 없이 소설을 읽어내려가던 ‘나’는 충격에 빠진다. 그 소설은 ‘나’가 데뷔하기 전에 누구에게도 알리지 않고 문예공모에 제출했던 작품으로, 공모전에서 낙선한 뒤로 까맣게 잊고 지내온 터였다. 신문사에 더이상 광고를 싣지 말라고 연락하자, 뜻밖의 인물이 ‘나’에게 다시 전화를 걸어온다. 육 개월 전 실종된 남편을 찾고 있다는 여자, ‘진’이었다. 놀랍게도 ‘진’은 그녀의 남편이 광고 속의 소설을 쓴 작가로 행세했다고 말한다. 남편의 거짓말은 그뿐만이 아니었다. 

“그 사람의 본명은 이유미, 서른여섯 살의 여자예요. 내게 알려준 이름은 이유상이었고, 그전에는 이안나였죠. 아무것도 확실하지 않아요. 여자라는 사실까지 속였으니 이름이나 나이 따위야 우습게 지어낼 수 있었겠죠. 그는 평생 수십 개의 가면을 쓰고 살았어요. 내게 이 책과 일기장을 남기고 육 개월 전에 사라져버렸죠.” 

믿을 수 없는 이야기가 이어진다. 소설가인 줄 알았던 남편이 사실은 여자였고, ‘진’을 만나기 전부터 거짓으로 점철된 삶을 살아왔다는 것이다. 문제의 인물 ‘이유미’는 합격하지 못한 대학에서 교지 편집기자로 활동했고, 음대 근처에도 가본 적 없으면서 피아노과 교수로 재직했으며, 자격증 없이 의사로 활동했다. 또한 그녀는 각기 다른 세 남자의 부인이자 한 여자의 남편으로 살았다. ‘나’는 점점 ‘이유미’가 살아온 삶에 강한 호기심을 느끼고, ‘이유미’의 행적을 추적해나가면서 다시 소설을 쓰기 시작할 수 있으리라 예감한다. 

“지난주에 당신을 만나고 나서, 일주일 내내 마치 뭔가에 사로잡힌 것처럼 그 이야기에서 벗어날 수가 없었어요. 그리고 궁금한 것이 점점 더 늘어나는 거예요. 저는 그 사람의 반복된 거짓과 위증이 무엇에 기인하는지 그 시작과 끝을 알고 싶어요. 단순한 흥미를 말하는 게 아니에요. 사실 저는 이것이 일종의 수수께끼 같다는 생각이 듭니다.” 

그렇게 생의 어떤 순간마다 ‘이유미’와 스쳐갔던 사람들을 하나하나 찾아가 이야기를 들으면서, ‘나’는 ‘이유미’의 뒷모습을 좇기 시작한다. 그녀의 발자취가 끊기는 곳에서 ‘나’는 그녀의 실체와 그녀가 감추고 있던 진실에 가닿을 수 있을까? 모든 퍼즐 조각이 맞춰지는 순간, ‘나’는 전혀 예상치 못한 광경을 목도하고 만다.

우리가 질서를 연기하는 한,
진짜 삶은 아무도 눈치채지 못한다

이 박진감 넘치는 소설을 쓴 작가가 『달의 바다』로 제12회 문학동네작가상을 수상한 이래 장편소설 『리틀 시카고』, 소설집 『나를 위해 웃다』 『애니』를 통해 서정적인 문체로 동세대 인간 군상의 생을 연민하고 긍정해온 소설가 정한아라는 점은 놀랍다. 작가는 우리 모두가 필연적으로 속해 있지만 대개는 불완전한 형태일 수밖에 없는 가족이라는 틀에 대해 오랜 시간 사유해온바, 『친밀한 이방인』에 이르러 그 천착의 결과를 미스터리 서사로 풀어내는 새로운 도전을 성공적으로 완수했다. 
‘이유미’뿐만 아니라 ‘나’와 ‘진’, 그리고 그 가족들은 각각 자신만의 비밀을 간직하고 있다. 기실 이 소설에 등장하는 인물들 모두에게는 굳이 드러내놓지 않은 비밀이 있을 것이다. 그리고 “그들과 나는 서로에 대해 아무것도 모르고, 모른다는 사실에 깊이 안도하면서 그 자리에 함께 머물고 있었다”. 우리는 그렇게 엉망진창인 삶의 실체를 비밀로 가려둠으로써 최소한의 거리를 유지한 채 함께 살아갈 수 있는지도 모른다. 행복이란 명확한 이해가 아닌 모호한 낙관과 희망에서 생겨난다는 이 책의 메시지가 묘한 안도감을 건네는 이유다. 이 아이로니컬한 생의 비의를 체감한 정한아의 새로운 소설세계가 이 책에서부터 펼쳐지기 시작했다."
15,도파민네이션,"<도파민네이션> 

“피로사회에서 도파민으로 버텨내는 현대인을 위한
인간, 뇌, 중독 그리고 회복에 대한 안내서”

*** 최신 뇌과학, 신경과학 그리고 풍부한 임상 사례로 풀어낸, 탐닉의 시대에서 균형 찾는 법

*도파민네이션(dopamine nation)이란?

과학자들은 중독 가능성을 측정하는 보편적인 척도로서 도파민을 사용한다. 뇌의 보상 경로에 도파민이 많을수록 중독성은 더 커진다. 과거에는 도파민을 자극하는 대상을 구하기 힘들었다. 그러나 인간이 세상을 결핍의 공간에서 풍요가 넘치는 공간으로 바꾸면서 중독의 법칙이 바뀌었다.

중독성 물질, 음식, 뉴스, 도박, 쇼핑, 게임, 채팅, 음란 문자, 페이스북, 인스타그램, 유튜브, 트위터… 오늘날 큰 보상을 약속하는 자극들은 양, 종류, 효능 등 모든 측면에서 과거와 비교할 수 없을 만큼 증가했다. 디지털 세상의 등장은 이런 자극들에 날개를 달아주었다. 스마트폰은 컴퓨터 세대에게 쉴 새 없이 디지털 도파민을 전달하는 현대판 피하주사침이 됐다. 우리는 도파민, 자본주의, 디지털이 결합된 탐닉의 사회, 도파민네이션에 살고 있다. 이제 누구도 중독에서 자유로울 수 없다.

약물, 술, 도박, SNS 등 중독 문제를 두고 우리는 흔히 개개인의 약한 의지나 타락한 도덕성을 원인으로 든다. 중독을 개인의 일탈로 보았지 사회적 차원에서 접근하지 않았다. 따라서 중독 치료는 약물 처방, 심리 치료 또는 도덕적 각성을 통해 해결할 수 있다고 믿어 왔다.

그런데 2021년 미국에서 출간돼 지금까지 뜨거운 논쟁을 일으키고 있는 『도파민네이션』은 인간이 중독에 빠지는 이유를 의지, 도덕성의 결핍이 아니라 쾌락과 고통을 지휘하는 신경물질, 도파민에서 찾고 있다. 또한 중독성 물질, 자본주의, 디지털이 결합된 현실 때문에 중독은 더 이상 개인의 문제가 아닌 모두의 문제, 사회 전체의 관점에서 바라봐야 한다고 주장한다.

이 책의 저자 애나 렘키 박사는 스탠퍼드대학교 의과대학 교수이자 스탠퍼드대학 중독치료 센터를 이끄는 정신과 의사이다. 미국 행정부와 의회의 의료 정책을 만드는데 참여하고 있으며 100여 편이 넘는 글과 논문을 발표한 학자이기도 하다. 그러나 엘리트 코스만을 밟아온 이력과 달리 그녀는 이 책에서 어릴 때부터 우울증을 앓아왔고 의사가 된 후에도 에로티즘 소설에 중독된 적이 있었다고 고백한다. 그녀는 한마디로 중독에 관해서는 ‘전문가’인 동시에 ‘내부고발자’인 셈이다.

『도파민네이션』은 최신 뇌과학, 신경과학 연구와 자신이 20년 동안 만난 수 만 명의 임상사례를 통해 인간, 뇌, 중독 그리고 회복에 대한 새로운 시각을 제시한다. 무엇보다 중독에서 벗어나 삶의 균형을 찾기 위해서는 약물 치료에 의존하기 보다는 도파민의 법칙을 이해하고 고통과 화해하는 법을 익혀야 한다고 말한다."
16,구글 엔지니어는 이렇게 일한다,"<구글 엔지니어는 이렇게 일한다> 

구글은 어떻게 개발하고 코드를 관리하는가



지난 50년의 세월과 이 책이 입증한 사실이 한 가지 있습니다. 바로 '소프트웨어 엔지니어링의 발전은 결코 정체되지 않는다'라는 것입니다. 빠른 기술 변화 속에서 소프트웨어 엔지니어링의 중요성이 더욱 강조되면서 소프트웨어 엔지니어의 역할은 점점 더 확장될 것입니다. 이제 더 이상 소프트웨어 엔지니어링은 단순히 조직을 효과적으로 운영하는 방법에 그치지 않을 것입니다. 이 책에서는 여러분이 궁금해하고, 반드시 알아야 할 프로그램을 효과적으로 짜는 방법은 물론, 코드베이스를 지속 가능하고 건실하게 만들어주는 엔지니어링 관행까지 모두 소개합니다. 이 책 한 권이면 소프트웨어 엔지니어링 프로세스를 완벽하게 익히고 좋은 제품을 남들보다 빠르게 구현할 수 있게 됩니다. 또한 20년 넘게 수만 명의 구글러가 쌓아온 노하우도 습득할 수 있습니다. 품질 좋은 소프트웨어 제품을 신속하게 개발하고 싶거나 구글의 소프트웨어 관리 방법이 궁금한 모든 이에게 훌륭한 안내서가 되어줄 것입니다."
17,멘탈을 바꿔야 인생이 바뀐다,"<멘탈을 바꿔야 인생이 바뀐다> 

국내 최고 성공심리학 전문가 박세니의 2022년 신간
인생의 변화는 결국 멘탈에 달려있고, 자신의 삶을 행복하게 만드는 것도 결국 멘탈이다.
멍한 상태로 주변 사람의 말을 그대로 믿지 마라. 실제로 실천하고 보여준 자가 아니면 결국 불가능하다는 말을 할 뿐이다. 보여준 자의 말만 철저하게 인정하고 따르면 된다. 그것이 꿈을 이루기 위해 당신이 반드시 기억해야 할 점이다."
18,플라스틱 세대,"<플라스틱 세대> -코로나19 이후, 더욱 강력한 재앙이 몰려온다!
-생태계 파괴를 앞둔 인류에게 도래한 기이한 진화
-플라스틱을 씹는 사람들, 그건 정말 ‘저주’일까?

사람들이 갑자기 플라스틱을 씹기 시작했다. 이 기이한 일의 연속에 재현은 의문을 갖는다. 무엇보다 이런 일들은 자신과는 별개의 일이고 일시적인 현상이라 생각했던 재현. 그러나 ‘플라스틱 사건’은 돌연 재현의 가장 가까운 곳까지 침투한다. 음식을 거부하고 플라스틱을 씹기 시작한 재현의 연인 서은. 혼란스러운 그에게, 이 수상함을 같이 파헤치자며 PD 금석이 접근한다. 코로나 팬데믹 세계를 관통한 우리 모두에게, 섬칫하게 내려앉는 ‘미래의 재앙’에 관한 이야기. 피치 못할 새로운 재난인가, 혹은 새로운 삶, 새로운 세대의 도래인가?"
19,덫,"<덫> <덫> / 강태형

-볕 좋은 날에 시작된 대화, 불안한 두 사람의 시선
-인적 드문 외딴 집에서 벌어진 추리극, 누가 먼저 진실을 밝힐 것인가?
-우리 둘 다 숨기는 게 있죠? 먼저 열어봐요, 그 패

시골 외딴곳의 2층 주택. 모처럼 화창한 날씨에, 소정은 정원을 정리하느라 분주하다. 그때, 연락도 없이 불쑥 소정의 집을 찾아온 선호. 호리호리한 미남형의 선호는 소정 남편의 중학교 동창이자 주택의 전 주인이기도 했다. 부재중인 소정의 남편을 이야깃거리로 삼아, 두 사람은 시시콜콜한 대화를 나눈다. 그러나 잠시 후, 두 사람의 대화는 예상치 못한 방향으로 급선회하고, 둘 사이엔 손에 땀을 쥐는 긴장감이 흐르기 시작한다.

<덫>은 ‘주택’을 매개로 한 두 사람이, 서로의 속내를 감춘 채 진행되는 대화형 스릴러다. 차분하지만 날이 서 있는 소정과 선호의 대화들을 좇다 보면, 어느새 사건의 면모와 일련의 반전이 드러나게 되는, 매력적인 추리극이다."
20,나의 투자는 새벽 4시에 시작된다,"<나의 투자는 새벽 4시에 시작된다> 

주식 1위 『나의 월급 독립 프로젝트』 저자 신작
‘개미의 전설’ 유목민, 차원이 다른 투자 인사이트

480만 원으로 3년 만에 30억 벌고 월급 독립!
그로부터 3년 후, 300억 수익 인증으로 돌아오다!!

3년 만에 30억 벌고 퇴사한 단타 투자자의 생생한 경험담을 풀어내 출간 즉시 베스트셀러에 올랐던 『나의 월급 독립 프로젝트』의 저자 유목민이 3년 만에 신작으로 돌아왔다. 주식에 관한 새로운 관점을 제시했다는 평가를 받으며 많은 개미 투자자에게 ‘가장 현실적인 입문서’로 꾸준히 사랑받는 책이다.
그로부터 3년이 지난 지금, 그의 자산은 300억 원을 넘어섰다. 투자 방식과 포트폴리오를 다변화하면서 투자자로서 ‘넥스트 레벨’에 진입한 결과물이다. 주식 잘하는 방법? ‘남과 비교할 수 없는 노력’이 유목민이 꼽는 제1조건이다. 직장인 시절에는 매일 밤 지쳐 잠들 때까지 주식 공부에 매달렸고, 월급에서 독립한 지금도 매일 새벽 4시면 일어나 전 세계 경제와 증시를 관찰한다.
저자의 두 번째 책인 『나의 투자는 새벽 4시에 시작된다』는 월급 독립의 꿈을 이룬 2017년까지의 단타는 물론 그 후의 스윙과 장기투자, 메자닌, 사모펀드, 비상장 주식에 이르기까지, 꾸준히 공부하고 성장하는 투자자로서 자신만의 방법론과 통찰을 저자 특유의 현장감 넘치는 입담으로 전한다.

“480만 원으로 시작한 평범한 개인 투자자가 3년 만에 꿈의 30억 원을 달성했고, 그로부터 3년 후 300억 원을 더 벌어들였습니다. 지금으로부터 3년 후 어디에 서 있을지는 저도 모르겠습니다.
그 관점의 확장, ‘어나더 레벨’의 세계로 함께 출발해 보시죠. 이 책을 통해서 분명 그다음 투자 세상에 연결될 것이라고 확신합니다.”"
21,레스토랑 안의 낯선 자들,"<레스토랑 안의 낯선 자들> -아내가 죽었다. 그 신사의 말대로, 정말로 아내가 죽었다
-수상한 차림의 노신사, 그가 제안하는 건 바로 ‘교환 살인’!
-꿈이 아닌, 실제 상황과 사건의 연속. 과연 남자의 선택은?

레스토랑에서 식사하고 있던 남자. 이상한 차림의 신사가 그에게 돌연 말도 안 되는 제안을 한다. 그의 제안이 실제로 현실에서 일어나자, 남자는 혼란에 빠진다. ‘직접 손을 쓰지 않고 누군가를 이 세상에서 없애는 방법’. 그게 바로 신사가 제안하고 남자가 수락한 일이었다!

「레스토랑 안의 낯선 자들」은 ‘교환 살인’을 소재로 한 스릴러 소설로, 얼떨결에 제안을 받아들인 남자와, 의문의 신사 이야기를 소재로 한다. 꿈인지 현실인지 분간이 가지 않는 상황을 가까스로 헤쳐가는 남자가 결국 마주하게 되는 충격적인 진실, 그건 도대체 무엇일까?"
22,물고기는 존재하지 않는다,"<물고기는 존재하지 않는다> ‘방송계의 퓰리처상’ 피버디상 수상자 룰루 밀러의
사랑과 혼돈, 과학적 집착에 관한 경이롭고도 충격적인 데뷔작!

‘방송계의 퓰리처상’으로 불리는 피버디상(Peabody Awards)을 수상한 과학 전문기자 룰루 밀러의 경이로운 논픽션 《물고기는 존재하지 않는다》는 여러 언론 매체에서 ‘2020년 최고의 책’으로 선정할 만큼 수많은 찬사를 받은 화제의 베스트셀러다.
집착에 가까울 만큼 자연계에 질서를 부여하려 했던 19세기 어느 과학자의 삶을 흥미롭게 좇아가는 이 책은 어느 순간 독자들을 혼돈의 한복판으로 데려가서 우리가 믿고 있던 삶의 질서에 관해 한 가지 의문을 제기한다. “물고기가 존재하지 않는다는 것은 엄연한 하나의 사실이다. 그렇다면 우리는 또 무엇을 잘못 알고 있을까?” 하고 말이다. 누군가에게는 이 질문이 살아가는 데 아무런 영향을 미치지 않을 수도 있다. 하지만 세상을 바라보는 “진실한 관계들”에 한층 가까이 다가가기 위해 노력하는 사람들에게는 분명 이 책이 놀라운 영감과 어느 한쪽으로도 치우치지 않는 폭넓은 시야를 제공해줄 것이다.

물고기가 존재하지 않는다면, 우리가 이 세계에 관해 아직 모르고 있는 것은 또 뭐가 있을까? 또 어떤 범주들이 무너질 참일까? 구름도 생명이 있는 존재일 수 있을까? 누가 알겠는가. 해왕성에서는 다이아몬드가 비로 내린다는데. 그건 정말이다. 바로 몇 년 전에 과학자들이 그 사실을 알아냈다. 우리가 세상을 더 오래 검토할수록 세상은 더 이상한 곳으로 밝혀질 것이다. _265쪽"
23,원씽,"<원씽> 인생의 반전을 불러오는 단순함의 힘
당신의 삶을 소모시키는 멀티태스킹의 허상에서 벗어나라!

아마존 종합 베스트셀러 1위!
《월스트리트 저널》 종합 베스트셀러 1위!
《뉴욕 타임스》《USA 투데이》《워싱턴 포스트》 베스트셀러!
전 세계 독자들이 주목한 2013년 최고의 책!

당신에게는 성공의 첫 번째 도미노가 있는가?
주위를 돌아보면 ‘무슨 일을 해도 어쩌면 저렇게 잘 풀릴까’라는 생각이 들게 하는 사람이 한 명씩은 꼭 있기 마련이다. 반대로 정말 열심히 살지만 제대로 풀리는 게 없다고 여기는 사람들도 있다. 이들은 타고난 팔자라거나 운이 좋았다는 식으로 다른 사람의 성공을 단정 짓고 자신들의 ‘운 없음’에 좌절하곤 한다. 하지만 그건 사실이 아니다. 위대한 성과를 내는 남다른 인생과 평범한 인생을 결정짓는 차이는 바로 ‘꼭 해야 할 일’에만 파고들었느냐, ‘필요 없는 일’에 에너지를 낭비했느냐에 있다.
성공은 도미노처럼 작동한다. 성공한 사람들은 늘 성공에 ‘꼭 필요한 일들’의 ‘순서’를 계획해놓고 ‘가장 알맞은 타이밍’에 첫 번째 일을 ‘제대로’ 해낸다. 한 번 넘어지기 시작하면 멈추지 않는 도미노처럼 그들은 처음의 성공을 다음 행동과 연결 지음으로써 더 크고 더 위대한 성공을 이끌어낸다. 그들은 첫 번째 도미노만 정확히 찾아 쓰러뜨린다면 줄지어 늘어선 수많은 도미노는 자연히 쓰러지게 된다는 성공의 도미노 효과를 누구보다 잘 알고 있다. 모든 일을 시작하게 하는 단 하나의 도미노, 우리가 ‘원씽(The One Thing)’이라 부르는 이것을 찾아낼 수만 있다면 누구나 술술 잘 풀리는 인생을 경험할 수 있다. 

The One Thing, 복잡한 세상에서 나만의 중심을 잃지 않는 법
《원씽 The One Thing》은 미국에서 가장 큰 투자개발 회사의 대표이자 총 130만 부 이상이 팔린 베스트셀러의 저자 게리 켈러와 제이 파파산이 쓴, 이제까지의 통념을 뒤엎는 신개념 자기계발서이다. 이 책이 말하고 있는 인생의 성공과 행복에 대한 단순한 진리는 바로 ‘원씽’(The One Thing), 자신에게 가장 중요한 단 하나, 가장 중요한 한 가지 일에 집중하고 파고들라는 것이다.
‘원씽One Thing’은 세상의 모든 분야에 적용될 수 있는 개념이다. 기업의 입장에서는 회사를 상징하거나 정체성을 드러내는 하나의 제품이나 서비스, 개인의 삶에서는 자신의 인생을 의미 있게 만들어주는 한 가지 목표를 의미한다. 다시 말해 기업의 수익성과 매출, 개인의 직업과 연봉과 같은 단선적인 시각이 아닌 보다 본질을 관통하는 주제이며 목적을 항해 나아가도록 해주는 원천인 것이다. 그래서 저자는 이 책에서 “당신에게 가장 중요한 ‘단 하나’는 무엇인가?”(What‘s your ONE Thing?)라고 계속해서 질문을 던진다. 

중요하지 않은 것은 버려라.
당신의 에너지를 오직 한 가지에 집중하라!
자신만의 ‘원씽’을 찾는 방법을 알려주기 위해 씌여진 이 책은 총 3부로 구성되어 있다. 먼저 1부에서는 모두가 성공의 원칙이라고 믿어온 여섯 가지 주장(모든 일이 다 중요하다/멀티태스킹은 곧 능력이다/성공은 철저한 자기관리에서 온다/의지만 있다면 못할 일은 없다/균형 잡힌 삶이 아름답다/크게 벌이는 일은 위험하다)의 허상을 조목조목 비판한다. 이런 잘못된 믿음으로 인해 우리는 바쁘게 일하는 것만이 능사이고, 모든 일을 다 완벽히 잘하기 위해 동시에 여러 가지 일을 하다 결국 아무것도 제대로 하지 못하고 지쳐 떨어지고 만다는 것이다. 또한 이렇게 여러 일을 해내지 못하면 ‘자기관리’와 ‘의지’가 부족한 것으로 자책하게 만드는 것 또한 각종 미디어와 자기계발서가 만들어낸 거짓일 뿐이라고 저자는 지적한다. 우리에게 필요한 것은 중요한 일을 지속시킬 수 있는 ‘습관’일 뿐이며 이러한 습관 만들기에 필요한 실질적인 지침을 소개한다. 
2~3부에서는 성공을 둘러싼 허상에서 벗어나 자신만의 큰 목표를 세우도록 우리를 안내한다. 그 첫 단계에 해당하는 ‘초점탐색 질문’은 ‘아무리 강렬한 햇빛이라도 초점을 맞추기 전에는 절대로 종이 한 장 태울 수 없다’는 말처럼 최종의 목표인 ‘원씽’에 다가가기 위해 지금 당장 해야 하는 ‘원씽’이 무엇인지 알려준다. 그리고 더 큰 성공에 도달하기 위한 도미노를 세우는 데 필요한 요소들을 분석한다. 이 과정을 통해 성공의 열쇠는 우리가 ‘모든 일’을 다 잘 해낼 때 오는 것이 아니라 가장 핵심적인 일을 가장 ‘적합한’ 순간에 해내는 것임을 깨닫게 해주고 그 핵심적인 일을 찾기 위한 우선순위를 결정하는 법에 대해 명확히 설명해준다. 

인생에도 뺄셈이 필요하다
오늘날 대부분의 사람들은 자신의 인생에 중요하지 않은 일들을 하고 필요 없는 관계들을 유지하느라 인생의 대부분의 시간과 에너지를 빼앗기고 있다. 당장 오늘 하루를 돌아보자. 오늘 한 일 중에서 자신이 생각하는 인생의 최종 목표에 반걸음이라도 가까이 가게 해준 것이 있는지, 혹 나의 꿈이 아닌 누군가의 꿈을 이뤄주기 위해 나의 소중한 하루를 희생하지 않았는지 말이다. 당신의 인생에서 가장 중요한 ‘원씽One Thing’은 무엇인가? 자신이 지금 하고 있는 일이 인생의 ‘원씽One Thing’에 이르기 위한 도미노 블록 중 하나인가? 이 두 가지 질문에 자신 있게 대답하지 못한다면 지금 바로 저자들의 이야기에 귀를 기울여야 할 것이다. 결코 모든 일을 다 잘하려고 하지 마라. 한꺼번에 많은 일을 해내는 사람이 승자가 되는 것이 아니라 한 가지라도 제대로 해내는 사람이 최종 승자가 된다는 단순명쾌한 진리를 한번 따라가 보자. 그리고 사방에 흩어져 있는 도미노들의 열을 우선순위에 맞춰 세우고 첫 번째 도미노를 쓰러뜨리자. 뒤로 줄줄이 넘어질 준비가 되어 있는 더 큰 성공으로 이어지는 긴 도미노를 발견하게 될 것이다. 

추천의 글

과중한 업무와 멀티태스킹이 만연한 이 세상에서 단순하지만 명확한 메시지를 전달하는 이 책은 베스트셀러에 오를 수밖에 없다. 당신이 에너지를 한 가지에 몰입하라. 놀라운 삶이 시작될 것이다.
_《뉴욕 타임스》

이 책은 당신의 성공을 가로막고, 당신의 계획을 좌절시키는 거짓말들이 무엇인지 보여 준다. 그리고 ‘단 하나’(The One Thing)를 통해 완벽하게 새로운 전략을 제안한다. 당신이 일하는 방식, 선택하는 방식, 그리고 성과를 내는 방식 그 모든 부분에서 이 책은 획기적인 변화를 선사할 것이다.
_《월스트리트 저널》

이 책은 어떻게 멀티태스킹을 가장한 ‘주의력 결핍’에서 벗어나며, 우선순위를 정하고 한 곳에 집중해야 하는지 알려 준다. 세계에서 가장 큰 투자개발 회사를 소유한 백만장자가 들려주는 가치 있는 성공의 조언들이 가득하다.
_《포브스》

쳇바퀴 안에서 늘 똑같은 인생이 계속된다고 느끼는가? 지금 당장 이 책을 집어라. 당신의 삶에 기막힌 변화를 가져다줄 것이다. 당신의 선택에 인생의 성공이 달려 있다.
_NBC"
24,버드나무,"<버드나무> <버드나무> / 사마란

-오랜 시간 간직되어왔던 비무장지대의 이야기
-영남아, 이걸 꼭 전해주렴. 나의 백배사죄를 꼭 전해다오
-전해지지 못한 과거의 말, 그를 전달하는 한 남자

쿠데타로 인해 북한의 정권이 무너지고, 새 주석은 외교의 문을 활짝 열었다. 이후 평화통일 단계를 밟는 남북한은, ‘합동 평화통일추진 위원회’를 만들어 비무장지대 관광을 처음으로 시행한다. 분단 이후 최초로 민간인에게 비무장지대의 사진 촬영이 허가된 관광, 이 절호의 기회를 영남은 놓칠 수 없어 짐을 단단히 싼다. 그에겐 아주 오래전부터 해결해야만 하는 문제가 있었기 때문이다.

<버드나무>는 비무장지대 개방이라는 가상의 상황을 통해, 남한과 북한의 경계에 놓인 마을과 그 마을에 얽힌 이야기를 회고 형식으로 풀어낸다. 지키지 못한 약속, 건네지 못한 사과와 참회 등이 유려하게 버무려져, 처연한 분위기를 건네주는 단편."
25,브라질에 비가 내리면 스타벅스 주식을 사라,"<브라질에 비가 내리면 스타벅스 주식을 사라> ‘숲(경제 흐름)과 나무(종목)’를 함께 보라!
전쟁, 전염병, 기후, 금리, 환율, 인플레이션…
거시경제 지표를 이해하면 변동성은 기회다!

미국 중앙은행이 갑자기 기준금리를 올리면 왜 유럽과 아시아의 주식시장이 충격을 받을까? 석유수출국기구가 대규모 감산을 결정하면 중국과 한국의 물가와 에너지 섹터 주가에 어떤 영향을 미칠까? 이 책은 이 같은 거시경제 변수가 주식시장과 어떻게 연계되는지 설명하고, 이를 활용해 투자 성과를 높이고 리스크도 관리하는 구체적인 방법을 알려준다. 핵심 경제 지표와 활용법을 명쾌하게 정리한 ‘매크로(macro) 투자의 고전’으로 널리 알려진 책이다.

1부에서는 경제의 큰 판을 움직이는 거시적 파동, 재정과 통화 정책 등 매크로 투자의 기초를 다진다. 2부는 매크로 투자의 중요한 원칙, 업종의 중요성, 자금 보호와 리스크 조정 방법을 설명하고 매크로 투자에 성공하기 위한 체크리스트를 제공한다. 3부는 매크로 투자의 ‘실전 매뉴얼’이다. 인플레이션과 불경기, 생산성과 같은 각각의 특정 파동이 주식시장의 여러 업종에 미치는 영향을 자세하게 분석한다. 또 주식시장 사이클에 따른 ‘업종별 순환매 전략’도 제시해 상승장이든 하락장이든 성공적인 포트폴리오를 구성할 수 있게 도와준다. 

저자 피터 나바로는 하버드대에서 경제학 박사 학위를 받고 캘리포니아대 어바인캠퍼스 경영대학원에서 경제와 공공복지를 가르쳤으며 이후 미국 무역·제조업정책국 국장을 지내는 등 이론과 실무를 섭렵한 석학. 심층 분석에 구체적 사례를 더해 거시경제적 시각을 투자에 적용하는 방법을 완벽하게 정리한 인물로 유명하다. 데이 트레이더부터 장기 투자자까지, 가치투자자에서 성장주 투자자까지, 어떤 투자 유형이든 매크로 투자를 적용해 주식시장의 변동성을 기회로 삼아보자."
26,모든 것은 기본에서 시작한다,"<모든 것은 기본에서 시작한다> 

축구선수로서의 삶, 아버지로서의 삶, 지도자로서의 삶
자신의 삶에 대한 반성과 성찰로 빚어낸 강건한 신념과 철학!
“나의 축구는 온전히 아버지의 작품이다”-손흥민 

‘겸손하라. 네게 주어진 모든 것들은 다 너의 것이 아니다’, ‘감사하라. 세상은 감사하는 자의 것이다’, ‘삶을 멀리 봐라. 욕심을 버리고 마음을 비워라’… 손흥민 선수의 아버지이자 축구 지도자로서 세계인의 주목을 받고 있는 손웅정 감독의 메시지는 ‘삶의 본질’에 초점이 맞춰져 있다. 축구선수로 뛰던 자신의 경험을 반추하며 ‘나처럼 하면 안 된다’는 생각에 손흥민 선수를 직접 교육했고, ‘기본기’의 중요성을 강조했다. 기술을 가르치는 데서 끝나는 것이 아닌 선수로, 사람으로 길러야 한다고 믿었다. 손웅정의 교육 방향, 삶의 방식은 사람들에게 회자되며 큰 반향을 일으켰고, 그는 이 책을 통해 최초로 자신의 삶의 궤적과 생각들을 담담히 풀어놓았다.
그는 어떤 삶을 살았을까? 그의 철학은 어떻게 만들어진 것일까? 어린 시절 가난도 막을 수 없던 축구에 대한 의지, 축구를 잘하고 싶은 마음에 스스로를 담금질한 시간들, 프로선수 시절과 은퇴 후 녹록하지 않던 시절 이야기, 아들에게 축구를 가르치며 연구하고 개발한 훈련법들, 손흥민 선수와 함께 독일과 영국에서 생활하며 쌓아온 생각들…. 평생에 걸쳐 책에게 받은 은혜가 너무도 컸다고 말하는 손웅정 감독은 ‘누군가에게 작은 도움이 될 수 있다면’ 하는 바람을 담아 자신의 이야기를 꺼내놓았다. 많은 이들이 궁금해하고 알고 싶어 했던 손웅정의 축구 철학, 교육 철학, 삶의 철학은 우리 삶의 또 하나의 지침서가 될 것이다."
27,밝은 밤,"<밝은 밤> “슬픔을 위로하고 감싸주는 더 큰 슬픔의 힘” _오정희(소설가)

백 년의 시간을 감싸안으며 이어지는 사랑과 숨의 기록
『쇼코의 미소』 『내게 무해한 사람』 최은영 첫 장편소설
공감을 불러일으키는 이야기와 서정적이며 사려 깊은 문장, 그리고 그 안에 자리한 뜨거운 문제의식으로 등단 이후 줄곧 폭넓은 독자의 지지와 문학적 조명을 두루 받고 있는 작가 최은영의 첫 장편소설. ‘문화계 프로가 뽑은 차세대 주목할 작가’(동아일보) ‘2016, 2018 소설가들이 뽑은 올해의 소설’(교보문고 주관) ‘독자들이 뽑은 한국문학의 미래가 될 젊은 작가’(예스24) 등 차세대 한국소설을 이끌 작가를 논할 때면 분야를 막론하고 많은 사람들의 머릿속에 가장 선명히 떠오르며 활발한 작품활동을 이어가던 최은영 작가는 2019년, 예정돼 있던 소설 작업을 중단한 채 한차례 숨을 고르며 멈춰 선다. 의욕적으로 소설 작업에 매진하던 작가가 가져야 했던 그 공백은 “다시 쓰는 사람의 세계로 초대받”(‘작가의 말’에서)기까지 보낸 시간이자 소설 속 인물들이 찾아오기를 기다리는 시간이기도 했다.
『밝은 밤』은 그런 작가가 2020년 봄부터 겨울까지 꼬박 일 년 동안 계간 『문학동네』에 연재한 작품을 공들여 다듬은 끝에 선보이는 첫 장편소설로, 「쇼코의 미소」 「한지와 영주」 「모래로 지은 집」 등 긴 호흡으로 이야기를 이끌어가는 중편소설에서 특히 강점을 보여온 작가의 특장이 한껏 발휘된 작품이다. 첫 소설집 『쇼코의 미소』가 출간된 2016년의 한 인터뷰에서 장편 계획을 묻는 질문에 작가는 “엄마나 할머니, 아주 옛날에 이 땅에 살았던 여성들의 이야기를 써보고 싶다는 바람이 있어요”라고 말했던바, 『밝은 밤』은 작가가 오랫동안 마음속에 품어왔던 ‘증조모-할머니-엄마-나’로 이어지는 4대의 삶을 비추며 자연스럽게 백 년의 시간을 관통한다. 증조모에게서 시작되어 ‘나’에게로 이어지는 이야기와 ‘나’에게서 출발해 증조모로 향하며 쓰이는 이야기가 서로를 넘나들며 서서히 그 간격을 메워갈 때, 우리는 사람들의 입을 통해 이야기가 전해진다는 건 서로를 살리고 살아내는 숨이 연쇄되는 과정이기도 하다는 것을, 그리고 그것이 이야기 자체가 가진 본연의 힘이기도 하다는 것을 느끼게 될 것이다. 은은하며 강인한 존재감으로 서서히 주위를 밝게 감싸는 최은영의 소설이 지금 우리에게 도착했다."
28,부자 아빠 가난한 아빠 20주년 특별 기념판,"<부자 아빠 가난한 아빠 20주년 특별 기념판> 

전 세계에서 가장 많이 팔린 경제경영서
‘부자 아빠 가난한 아빠’ 20주년 기념 
업그레이드 에디션 출간!

- 세계 금융 변화에 맞춘 41개의 NEW 코멘트
- 토론과 실천을 위한 10가지 스터디세션 등 500매 분량의 내용 추가

1997년 미국에서 처음 출간된 이래 전 세계 51가지 언어로 109개국에서 출판되어 4000만 부(국내 350만 부)가 판매된 경제경영 재테크 분야 최고의 밀리언셀러 ‘부자 아빠 가난한 아빠’ 시리즈. 20년의 세월을 통해 검증된 부자들의 돈과 투자에 대한 지침들과 오늘날의 시대상에 맞춘 새로운 정보들이 추가된 『부자 아빠 가난한 아빠 20주년 특별 기념판』이 ㈜민음인에서 출간되었다. 지난 20년간 독자들에게 가장 많은 사랑을 받아 온 『부자 아빠 가난한 아빠 1』의 내용에 세계 금융 변화에 맞춘 41개의 ‘20년 전 그리고 오늘’과 토론과 실천을 위한 10가지 ‘스터디세션’ 등 원고지 500매 분량이 추가된 업그레이드 에디션이다. 돈에 대한 선입관을 깨뜨리는 파격적인 내용과 세월이 흘러도 변치 않는 투자의 원칙들은, 비트코인 광풍, 부동산 경매 시장의 활기 등 다양한 양상의 투자에 대한 관심이 높아지고 있는 오늘날에도 여전히 ‘돈’과 ‘투자’의 흔들리지 않는 기준이 되어 줄 것이다.

“자신의 재정적 미래를 관리하기를 바라는 사람들은
『부자 아빠 가난한 아빠』를 출발점으로 삼길 권한다.”
― 《USA 투데이》


20년의 세월을 통해 검증된 부자 아빠의 교훈들
1997년 미국에서 처음 출간된 『부자 아빠 가난한 아빠』는 IMF 외환위기의 긴 터널을 지나고 있던 2000년 2월 국내에 처음으로 소개되었다. 1권의 성공으로 연이어 출간된 ‘부자 아빠 가난한 아빠 시리즈’는 당시 국내 출판 시장에서는 생소했던 ‘경제경영 재테크’ 분야를 새롭게 개척하였으며, 현재까지 총 17종이 출간돼 350만 부가 팔리며 밀리언셀러로 자리 잡았다. 
무엇보다 이 책이 독자들에게 파고든 이유는 돈에 대한 일반적인 상식을 뒤집었기 때문이다. 저자는 사람들이 가난한 이유는 돈이 없어서가 아니라, 돈을 금기시하며 금융 지식을 멀리하는 사고와 문화 때문이라고 말한다. 저자의 가난한 아버지는 공부를 많이 했지만, 늘 카드대금 청구서와 주택융자금에 시달렸다.(“돈을 좋아하는 것은 모든 악의 근원이다. 공부 열심히 해서 좋은 직장을 구해야지. 위험을 피하고 안정적으로 살아라.”) 반면 친구의 부자 아버지는 정규 교육은 제대로 받지 못했지만 금융 IQ를 터득하여 막대한 부를 쌓았다.(“돈이 부족한 것은 모든 악의 근원이다. 공부 열심히 해서 좋은 회사를 차려라. 네가 똑똑한 사람을 고용해야 한다. 무엇보다 위험을 관리하는 법을 배워야 한다.”) 이 책에서는 저자가 유년 시절 겪은 두 아버지를 통해 가난한 사람과 부자의 사고방식을 비교한다. 직설적인 화법과 몰입도 있는 스토리텔링으로 경제에 대한 기초 상식은 물론, 자산과 부채의 개념과 성공적인 투자를 위한 금융 IQ를 기르는 비법 등을 누구나 이해할 수 있도록 쉽고 명쾌하게 전한다.

▸ 부자 아빠의 교훈들

“가난한 자들과 중산층은 돈을 위해 일한다. 부자들은 돈이 그들을 위해 일하게 만든다.” 
“얼마나 버느냐는 중요하지 않다. 얼마나 모을 수 있느냐가 중요하다.”
“학교는 돈을 위해 일하는 법만 가르치지, 돈을 관리하는 방법은 가르치지 않는다.”
“경제적인 어려움을 겪는 것은 사람들이 대개 평생 다른 사람을 위해 일하기 때문이다.”
“지금 중산층이 위험에 직면하게 된 까닭은 금융 교육을 제대로 받지 못했기 때문이다.”
“평생 청구서만 내는 삶에 한번 빠지고 나면 끊임없이 쳇바퀴를 도는 햄스터가 되고 만다.”
“당신만의 사업을 시작하라. 직장을 유지하면서 부채가 아닌 진짜 자산을 사라.”
“부자들은 자산에 초점을 맞춘다. 부자가 아닌 이들은 수입에 초점을 맞춘다.”
“집은 자산이 아니며, 특히 그것이 가장 큰 부채라면 곤경에 처한다.” 
“자기가 하는 일을 잘 알면 투자이고, 무작정 돈을 붓고 기도를 올리면 도박이다.” 
“부자와 가난한 자의 근본적인 차이점은 두려움을 다루는 방식이다.”


20년의 변화 속에서 새롭게 발견한 정보와 실천법
『부자 아빠 가난한 아빠 20주년 특별 기념판』에는 기존 『부자 아빠 가난한 아빠 1』에는 없던 41개의 ‘20년 전 그리고 오늘’과 10가지 ‘스터디 세션’ 등 총 500매 분량의 새로운 내용이 추가되었다. 본문 중간에 삽입된 ‘20년 전 그리고 오늘’에는 IT 기술의 발전과 새로운 시장의 형성, 로봇 기술의 발달과 일자리 축소, 세금 제도의 허점과 복지 정책의 위험성 등 저자가 지난 20년간의 세계 금융 변화 속에서 발견한 새로운 정보들을 담았다. 또 “부자들은 돈을 위해 일하지 않는다.” “저축하는 사람은 패배자가 된다.” “당신의 집은 자산이 아니다.” “부자들은 세금을 덜 낸다.” 등 출간 당시에는 찬사와 비판을 동시에 받았던 부자 아빠의 교훈들이 어떻게 20년 동안 살아남아 영향력을 발휘하고 있는지 밝힌다. 더불어 각 장이 끝날 때마다 추가된 ‘스터디세션’은 독자들이 책의 내용을 재정리하며, 핵심 내용을 파악하고, 스스로 질문을 던지고 토론하여, 부자 아빠의 원칙들을 생활 속에서 실천할 수 있도록 도와줄 것이다.


▸ 20년 전 그리고 오늘

- 집은 자산이 아니다: 2008년 미국의 주택 시장 붕괴는 당신이 소유한 집이 자산이 아니라는 사실을 명확하게 보여 주었다. 집은 당신의 주머니에 돈을 넣어 주지 않을뿐더러 가치가 오른다고 확실하게 보장되지도 않는다. 오늘날 미국의 경우 많은 주택이 이십 년 전보다 값이 떨어진 상태다.(p.26)

- 배우고, 배운 것을 잊고, 다시 배워라: 미래학학자 앨빈 토플러가 강조한 이 격언에는 이십 년 전 부자 아버지가 내게 말해 준 내용이 반영되어 있다. “21세기의 문맹은 읽고 쓸 줄 모르는 것이 아니라 배우고 잊고 다시 배울 줄 모르는 것이 될 것이다.(p.110)

- 세금과 복지후생 계획: 사회적 요구로 세금 수요가 확대됨에 따라 전 세계적으로 재산세와 소득세 그리고 부가가치세가 오르고 있다. 또한 정부가 사회복지 사업, 즉 복지후생 계획에 재원을 조달하기 위해 세율을 꾸준히 올려 고소득은 더욱 큰 폭의 브래킷 크리프(bracket creep, 물가 상승으로 인한 명목소득 증가로 의도치 않게 일어나는 증세, 즉 납세자의 실질소득 상승과 관계없이 물가가 올라 발생하는 증세다. 정부가 의도하지 않고 납세자도 인지하지 못하는 상태에서 늘어나는 세금이기 때문에 ‘숨겨진 증세(hidden tax hike)’라고도 불린다.)를 창출하게 된다. 오늘날 각국의 정부는 사회보장제도나 건강보험 같은 복지후생 계획이 지불불능 상태에 이를지도 모르는 심각한 도전에 직면해 있다.(p.122)

- 실수는 배움의 기회다: 학교는 실수를 피하도록 우리를 가르치고 실수한 학생들에게 벌을 준다. 그러나 나는 현실 세계에서 자신의 실수를 인식하고 평가한 후 보다 나은 결정을 내리는 수단으로 이용한다면 더할 나위 없이 귀중한 자산이 된다는 사실을 배웠다. 약간의 두려움은 건강한 것이 될 수 있지만 실수를 할까 봐 두려워하며 살아서는 안 된다. 교훈을 배울 수 있다면 실수는 좋은 것이다.(p.298)"
29,나를 단단하게 만드는 심리학,"<나를 단단하게 만드는 심리학> 

혹시 당신도 늘 자신이 부족하다는 생각에 사로잡혀 있는가?
누구나 쉽게 사로잡힐 수 있는 공포를 세상에서 가장 흥미로운 방법으로 벗어나는 역작!

질투와 완벽주의, 자기비판, 타인과 거리두기에서 벗어나 자신을 단단하게 만드는 마음 근육 훈련
우리는 종종 자신이 부족하다고 생각한다. 그래서 누군가에게 버림받거나, 회사에서 잘리거나, 타인에게 인정받지 못할 거라고 여긴다. 부족하다는 생각 때문에 무언가를 끊임없이 추구하고, 더 나은 사회적 지위를 얻으려고 자신을 몰아세우기도 한다. 저자는 이러한 공포를 ‘부족함 공포’라고 말한다. 자신이 늘 부족하다는 생각은 우리가 진정한 변화를 얻거나, 진정한 승리를 누리지 못하게 한다.

《나를 단단하게 만드는 심리학》은 삶을 좌지우지하는 공포에 발목 잡히지 않고 진정한 승리를 얻는 법을 알려준다. 20년 가까이 퍼포먼스 심리 전문가로 활동한 저자 피파 그레인지 박사는 호주 풋볼 리그와 호주 수영팀, 잉글랜드 축구 국가대표팀 등 여러 스포츠 선수들과 악기 연주자 등 많은 분야의 사람들과 함께 활동하며 그들의 승리를 진지하게 들여다보고, 성공 후 느끼는 감정에 관해 연구했다.

책에는 자신보다 뛰어난 후배를 질투하는 직장인, 인종차별을 당하는 운동선수, 딸을 훌륭한 수영선수로 만들기 위해 딸에게 부담을 주는 아버지 등 다양한 이유로 공포에 사로잡혔던 사람들의 이야기가 담겨 있다. 저자는 그들과의 대화에서 그들이 공포를 느낄 때 그 공포의 이미지가 어떠하며 그 이미지를 통해 무엇을 느끼는지 묻고, 공포의 실체를 제대로 바라보고 대면하도록 돕는다. 자신의 공포를 새로운 이야기, 목적의식, 열정과 웃음 등 더 긍정적이고 밝은 무언가로 대체하여 부정적인 시각을 긍정적으로 바꿀 수 있게 한다.

진정한 변화는 어려움에 대처하고, 참고, 견디거나 싸워서 얻는 게 아니다. 깊은 대화를 통해 사고방식을 바꾸고, 자신이 속한 공동체의 문화를 바꿔야만 찾아온다. 자기 자신을 알아가고, 내적 성취감을 느끼며 성장해가는 기쁨이 진정한 성공이며, 진정한 승리이다. 자신을 더 큰 존재로 확장하고, 타인과의 유대를 경험할 때 진정한 승리를 이룰 수 있다.

무언가를 성취해도 기쁘지 않은가? 혹시 당신도 늘 자신이 부족하다는 생각에 사로잡혀 있지 않은가? 이 책을 읽으며 공포를 바라보고, 대면하며, 대체하는 프로세스를 밟아보자. 공포를 극복하고 기쁨과 성취감을 느끼며, 성공을 이루는 데 필요한 지식과 통찰력을 얻을 수 있을 것이다. 성공을 거둔 사람들조차 자신이 부족하다는 생각에 빠질 때가 있다. 하지만 그들은 자신들의 공포를 정확하게 바라보고 공포를 잠재운다. 우리도 할 수 있다. 공포를 효과적으로 관리하여 진정한 성공을 이루는 여정에 동참하지 않겠는가?"
30,프로젝트 헤일메리,"<프로젝트 헤일메리> “다음 세기까지 SF 고전으로 남을 대작”
『마션』의 천재 작가가 선보이는 경이로운 우주 활극
전 세계 30개국 동시 출간

“SF계 천재 작가의 귀환” “단언컨대 SF소설 중에서도 최고의 책” “2021년 가장 기대되는 소설” 등 이미 출간 전부터 전 세계 언론의 극찬과 기대가 쏟아진 작품이 있다. 우리에게 영화 [마션]의 원작소설가로 잘 알려진 앤디 위어의 신작 『프로젝트 헤일메리』다. 앤디 위어는 데뷔작 『마션』과 후속작 『아르테미스』가 연달아 대성공을 거두며 뉴욕 타임스와 아마존 베스트셀러에 이름을 올린 명실상부 최고의 SF 작가이다. 국내에서도 누적 판매 30만 부를 돌파하며 독자들에게 믿고 보는 작가로 손꼽힌다. 그런 그의 최신작『프로젝트 헤일메리』는 전 세계 최초로 동시 출간이 결정되어 그 어느 때보다 뜨거운 관심을 모았다. 집필 시작도 전에 수많은 출판사가 치열한 판권 경쟁에 뛰어들어, 30여 개국에서 계약을 마치고 동시 출간을 준비 중이다. 영화계 또한 MGM에서 제작을 확정하는 한편, [라라랜드]의 라이언 고슬링이 이 작품의 주연이자 제작자로 참여하여 한층 더 큰 기대감을 모으고 있다.

글을 쓸 때 과학적 사실을 조사하고 검증하는 것으로 정평이 난 작가의 작품인 만큼 흠잡을 데 없는 과학적 지식은 더할 나위 없다. 전작들에 이어 이번 작품에서도 작가의 장기인 과학을 기반으로 한 SF 세계관과 낙관적 감수성이 유감없이 그려졌다. 특히 작가가 치밀하게 구상한 ‘특별한 캐릭터’의 등장은 단연 『프로젝트 헤일메리』의 백미다. 이번 신작은 그 특별한 캐릭터와의 공생과 연대 그리고 인류를 뛰어넘은 우정에 대한 이야기가 주를 이룬다. 지구를 구하기 위해서 정작 스스로는 지구로 돌아오지 못할 헤일메리호에 오른 ‘좋은 사람’인 주인공. 『마션』에서 한 인간을 구하기 위한 인류애를 보여줬다면 이번에는 전 인류를 구하기 위한 한 인간의 사명감과 애정이 한층 진하게 펼쳐진다. 앤디 위어의 세계는 더욱 깊어지고 넓어졌다. 『프로젝트 헤일메리』에 탑승한 독자라면 이 말에 아무 이견이 없을 것이다.

이번 한국어판은 [해리포터] 시리즈를 번역한 강동혁 역자가 맡아 ‘지구 멸망 위기를 앞두고서도 유쾌한 주인공 캐릭터’를 생생한 언어로 살려냈다. 특별히 이번 신간을 포함해 앤디 위어의 전작을 리커버하여 앤디 위어의 팬들에게 특별한 선물이 되도록 했다. ‘우주 3부작’ 세트 박스로 구성된 디자인은 ‘코리아 디자인 어워드’ 그래픽 부분 등에서 수상한 석윤이 디자이너가 개성 넘치는 감각을 덧입혔다."
