Rank,bookTitle
1,역행자
2,작별인사
3,인플레이션에서 살아남기
4,변화하는 세계 질서
5,피스타운
6,악마의 계약서는 만기 되지 않는다
7,불편한 편의점
8,내가 틀릴 수도 있습니다
9,최재천의 공부
10,개정판 | 하얀 늑대들
11,잠시 동안 빛은 이곳에
12,심해어
13,"사이후이, 싸이파이"
14,친밀한 이방인
15,도파민네이션
16,구글 엔지니어는 이렇게 일한다
17,멘탈을 바꿔야 인생이 바뀐다
18,플라스틱 세대
19,덫
20,나의 투자는 새벽 4시에 시작된다
21,레스토랑 안의 낯선 자들
22,물고기는 존재하지 않는다
23,원씽
24,버드나무
25,브라질에 비가 내리면 스타벅스 주식을 사라
26,모든 것은 기본에서 시작한다
27,밝은 밤
28,부자 아빠 가난한 아빠 20주년 특별 기념판
29,나를 단단하게 만드는 심리학
30,프로젝트 헤일메리
31,2022 제13회 젊은작가상 수상작품집
32,"특별한 아이, 특별한 엄마"
33,삼국지 원전 완역판 세트(10권)
34,"돈, 뜨겁게 사랑하고 차갑게 다루어라"
35,아노말리
36,데일 카네기 자기관리론
37,당신만 모르는 일의 법칙 51
38,부의 추월차선(10주년 기념 에디션)
39,운명을 바꾸는 부동산 투자 수업 (기초편)
40,개정판 | 살인자의 기억법
41,사피엔스
42,파이어
43,부자의 그릇
44,"메롱해치, 궁녀를 부탁해!"
45,달러구트 꿈 백화점 2
46,룬의 아이들 - 윈터러 완전판
47,저주토끼
48,면접을 위한 CS 전공지식 노트
49,칼
50,여덟 건의 완벽한 살인
51,그리움의 끝
52,위쳐 본편 전권 세트
53,이어령의 마지막 수업
54,시맨틱 에러 대본집
55,홍학의 자리
56,레슨 인 케미스트리 1
57,돈의 속성
58,개정 번역판 | 해리 포터와 마법사의 돌
59,럭키 드로우
60,지구 끝의 온실
61,인생명강 07 - 더 찬스
62,코스모스
63,데일 카네기 인간관계론
64,마음의 법칙
65,세븐
66,책들의 부엌
67,2022년 국제 현충일 특별 집회
68,"아티스트 웨이, 마음의 소리를 듣는 시간"
69,웰씽킹
70,보도 섀퍼의 이기는 습관
71,샤일록의 아이들
72,노이즈
73,H마트에서 울다
74,"칵테일, 러브, 좀비"
75,오은영의 화해
76,우리가 빛의 속도로 갈 수 없다면
77,행성 1
78,마지막 몰입 : 나를 넘어서는 힘
79,아몬드
80,평생 현금이 마르지 않는 투자법
81,"어서 오세요, 휴남동 서점입니다"
82,나는 대출 없이 0원으로 소형 아파트를 산다
83,거꾸로 읽는 세계사
84,빌 게이츠 넥스트 팬데믹을 대비하는 법
85,사랑의 기술(5판)
86,어린이라는 세계
87,성공하는 사람들의 7가지 습관
88,언제나 밤인 세계
89,클루지
90,기브앤테이크
91,케이크를 자르지 못하는 아이들
92,맛있어서 지속 가능한 디디미니 다이어트 레시피
93,장면들
94,무례한 사람에게 휘둘리지 않는 법
95,문재인의 위로
96,애쓰지 않아도
97,10배의 법칙 : 성공과 실패를 가르는 유일한 차이
98,마스터스 오브 스케일
99,타이탄의 도구들
100,"사는 게 고통일 때, 쇼펜하우어"
101,거의 모든 행동 표현의 영어
102,부의 시나리오
103,개정판｜나는 까칠하게 살기로 했다
104,젊은 ADHD의 슬픔
105,구의 증명
106,박찬욱의 몽타주
107,미움받을 용기
108,팀 켈러의 탈기독교시대 전도
109,운명을 바꾸는 부동산 투자 수업 (실전편)
110,히든 스토리
111,마음이 흐르는 대로
112,인간 실격
113,어떻게 말해줘야 할까
114,아주 작은 습관의 힘
115,백년 목
116,공정하다는 착각
117,빅이슈코리아 The Big Issue No.277
118,감정 어휘
119,개정판｜나는 둔감하게 살기로 했다
120,소식주의자
121,여행의 이유
122,생각에 관한 생각
123,소년이 온다 : 한강 장편소설
124,하늘을 나는 타이어
125,오십의 주역공부
126,당신은 결국 무엇이든 해내는 사람
127,무엇이 옳은가
128,더 시스템 THE SYSTEM
129,노르웨이의 숲
130,문예춘추사 셜록 홈즈 전집 세트
131,긴긴밤
132,묵상과 설교 - 2014년 1월호
133,좋아하는 곳에 살고 있나요?
134,백만장자 시크릿
135,망원동 브라더스
136,도메인 주도 개발 시작하기
137,개정판｜헤드 퍼스트 디자인 패턴
138,2022 제5회 한국과학문학상 수상작품집
139,"뇌, 욕망의 비밀을 풀다"
140,걷기의 세계
141,묘사의 힘
142,프로세스 이코노미
143,하트 오브 비즈니스
144,인스타 브레인
145,소크라테스 익스프레스
146,제 마음대로 살아보겠습니다
147,눈 감으면 보이는 것들
148,차녀 힙합
149,프로그래머의 뇌
150,올바르게 승리하라
151,리더의 질문법
152,"[세트] 조지 오웰 컬렉션: 1984, 동물농장(전 2권)"
153,삶이 던지는 질문은 언제나 같다
154,완전한 행복
155,돈의 심리학
156,그릿: 100쇄 기념 리커버 에디션
157,동급생
158,저만치 혼자서
159,부자의 독서법
160,왼손잡이 우주
161,나답게 일한다는 것
162,지리의 힘
163,일러스트로 배우는 채색 테크닉 -7가지 테마 컬러의 활용-
164,"아들아, 부동산 공부 해야 한다"
165,보이지 않는 중국
166,시맨틱 에러 포토에세이
167,아비투스
168,레버리지
169,정의란 무엇인가
170,미드나잇 라이브러리
171,멘탈의 연금술
172,엘리어트 파동이론
173,개정판 | 론리하트
174,연금술사
175,직업으로서의 소설가
176,퇴마록 국내편
177,눈물을 마시는 새 세트
178,현명한 반도체 투자
179,어떻게 물리학을 사랑하지 않을 수 있을까?
180,천 개의 파랑
181,개정판 | 빅터 프랭클의 죽음의 수용소에서
182,트라우마 사전
183,지적 대화를 위한 넓고 얕은 지식 1
184,데일 카네기 인간관계론
185,"50 이후, 건강을 결정하는 7가지 습관"
186,"시선으로부터,"
187,시크릿
188,위기주도학습법
189,프로그래머가 알아야 할 알고리즘 40
190,개정판｜부의 인문학
191,나는 왜 네 말이 힘들까
192,개정판 | 피프티 피플
193,넛지: 파이널 에디션
194,기이현상청 사건일지
195,아킬레우스의 노래
196,데미안
197,합리적 남자
198,개정판 | 현명한 투자자 1
199,나의 월급 독립 프로젝트
200,하이 아웃풋 매니지먼트
